{
  "configurations": [
    {
      "name": "Fast Decay",
      "epsilon": 1.0,
      "decay": 0.99,
      "episodes": 20
    },
    {
      "name": "Slow Decay",
      "epsilon": 1.0,
      "decay": 0.999,
      "episodes": 20
    },
    {
      "name": "Low Start",
      "epsilon": 0.5,
      "decay": 0.995,
      "episodes": 20
    }
  ],
  "results": {
    "Fast Decay": {
      "mean_score": 8.2,
      "scores": [
        1.0,
        9.0,
        8.0,
        3.0,
        1.0,
        7.0,
        16.0,
        8.0,
        10.0,
        8.0,
        7.0,
        9.0,
        9.0,
        8.0,
        8.0,
        9.0,
        10.0,
        5.0,
        14.0,
        14.0
      ]
    },
    "Slow Decay": {
      "mean_score": 6.65,
      "scores": [
        5.0,
        0.0,
        2.0,
        1.0,
        2.0,
        4.0,
        9.0,
        14.0,
        12.0,
        18.0,
        5.0,
        8.0,
        9.0,
        3.0,
        12.0,
        5.0,
        1.0,
        10.0,
        8.0,
        5.0
      ]
    },
    "Low Start": {
      "mean_score": 9.45,
      "scores": [
        10.0,
        5.0,
        8.0,
        12.0,
        8.0,
        8.0,
        10.0,
        7.0,
        16.0,
        8.0,
        3.0,
        16.0,
        12.0,
        14.0,
        14.0,
        10.0,
        10.0,
        3.0,
        5.0,
        10.0
      ]
    }
  },
  "epsilon_at_max_steps": {
    "Fast Decay": 0.13397967485796172,
    "Slow Decay": 0.8186488294786356,
    "Low Start": 0.18347891086308352
  }
}