{
  "epsilon_greedy": {
    "scores": [
      1.0,
      10.0,
      2.0,
      18.0,
      2.0,
      14.0,
      3.0,
      7.0,
      16.0,
      20.0,
      5.0,
      14.0,
      7.0,
      4.0,
      9.0,
      10.0,
      9.0,
      10.0,
      9.0,
      9.0
    ],
    "mean": 8.95,
    "std": 5.248571234155063
  },
  "boltzmann": {
    "scores": [
      8.0,
      5.0,
      3.0,
      8.0,
      22.0,
      1.0,
      9.0,
      13.0,
      2.0,
      2.0,
      15.0,
      9.0,
      5.0,
      7.0,
      7.0,
      5.0,
      8.0,
      14.0,
      11.0,
      12.0
    ],
    "mean": 8.3,
    "std": 5.030904491242107
  },
  "performance_difference_percent": -7.262569832402218
}