{
  "default": {
    "alpha": 0.00025,
    "gamma": 0.99,
    "scores": [
      1.0,
      10.0,
      2.0,
      18.0,
      2.0,
      14.0,
      3.0,
      7.0,
      16.0,
      20.0,
      5.0,
      14.0,
      7.0,
      4.0,
      9.0,
      10.0,
      9.0,
      10.0,
      9.0,
      9.0
    ],
    "mean": 8.95,
    "max": 20.0
  },
  "high_lr": {
    "alpha": 0.001,
    "gamma": 0.99,
    "scores": [
      8.0,
      5.0,
      10.0,
      8.0,
      12.0,
      8.0,
      7.0,
      8.0,
      8.0,
      6.0,
      0.0,
      9.0,
      11.0,
      3.0,
      3.0,
      4.0,
      5.0,
      4.0,
      5.0,
      12.0
    ],
    "mean": 6.8,
    "max": 12.0
  },
  "low_gamma": {
    "alpha": 0.00025,
    "gamma": 0.8,
    "scores": [
      5.0,
      8.0,
      3.0,
      2.0,
      5.0,
      3.0,
      10.0,
      2.0,
      5.0,
      4.0,
      8.0,
      1.0,
      4.0,
      2.0,
      7.0,
      1.0,
      2.0,
      2.0,
      1.0,
      3.0
    ],
    "mean": 3.9,
    "max": 10.0
  }
}