{
  "episodes": 20,
  "training_time_seconds": 1696.3956022262573,
  "final_epsilon": 0.00998645168764533,
  "scores": [
    1.0,
    1.0,
    3.0,
    0.0,
    1.0,
    4.0,
    4.0,
    12.0,
    9.0,
    10.0,
    16.0,
    20.0,
    12.0,
    12.0,
    12.0,
    9.0,
    23.0,
    9.0,
    32.0,
    27.0
  ],
  "mean_score": 10.85,
  "std_score": 8.793605631366464,
  "max_score": 32.0,
  "mean_steps": 280.15,
  "improvement_over_random": 7.3999999999999995
}